Name Item,Number of Reviews,Price,Quantity sold
"[Mรฃ FAMALLT5 giแบฃm 15% ฤฦกn 150k] Set ฤแป tแบญp Yoga cho nแปฏ Hibi Sports H101 - รo bra 8 dรขy, quแบงn lฦฐng cao, kรจm mรบt nรขng ngแปฑc",350,โซ285.000,1k
"Quแบงn short thun nam thแป thao, chแบฅt liแปu thun poly co giรฃn 4 chiแปu, vแบฃi mแปm mแปn khรดng xรน lรดng bai nhรฃo - QS23",106,โซ119.000,331
Quแบงn short cแบกp 5 cรบc 5721,24,โซ190.000,64
Quแบงn short nam dรน THE 1992 Quแบงn ฤรนi nam vแบฃi giรณ basic,"1,6k",โซ39.000,"6,4k"
Quแบงn Jean Lฦฐng Cao แปng Rแปng Thแปi Trang Cho Nแปฏ,811,โซ146.000 - โซ165.000,"1,7k"
Quแบงn Jogger Nแป Thรชu SPUN Ulzzang (รnh Thแบญt)  chแบฅt vแบฃi thun da cรก form แปng rแปng cแบกp chun bo gแบฅu mรฃ AA01,1,โซ51.000,"3,2k"
๐แบขNH THแบฌT๐ Quแบงn loang mรu แปng rแปng UNISEX vแบฃi dรy dแบทn - quแบงn jogger,4,โซ96.000,"1,8k"
๐ แบขNH SHOP CHแปคP ๐ Quแบงn Jogger bรณ แปng nแปฏ chแบฅt ฤลฉi siรชu thoรกng mรกt cho mรนa hรจ -  quแบงn nแปฏ,5,โซ69.000,"1,7k"
"Quแบงn Short ฤลฉi,Shorts ฤรนi แปng Rแปng,Hรng QC Loแบกi 1",4,โซ64.080,"2,5k"
"Quแบงn ฤรนi - quแบงn sooc nam vแบฃi thun mแปm mแปn, thแบฅm hรบt mแป hรดi tแปt, mแบทc lรชn cแปฑc thoรกng mรกt Q5M",7,โซ69.000,"11,3k"
(NT) Quแบงn ฤรนi nam quแบงn cแปc nam quแบงn short nam quแบงn ฤลฉi nam (C),4,โซ55.000,"1,6k"
๐ฅ SUPER SALE ๐ฅ Quแบงn sooc nแปฏ chแบฅt ฤลฉi siรชu mรกt cho mรนa hรจ,4,โซ34.450,"1,6k"
Quแบงn Legging Lแปญng Nแปฏ ๐ธ Legging ngแป nรขng mรดng SIรU HOT - SIKY,"1,5k",โซ39.520,"4,5k"
Quแบงn Jean Nam - Quแบงn Bรฒ Nam VERATINO Vแบฃi Cao Cแบฅp Khรดng Phai Hรng VNXK,5,โซ235.000,"41,3k"
(NT) Quแบงn ฤลฉi Nam Thแปi Trang quแบงn รกo ฤลฉi (B),4,โซ70.000,"1,6k"
"Quแบงn Legging Hรn, Leg dรi body dรกng รดm HOT",3,โซ93.600,2k
๐ แบขNH SHOP CHแปคP ๐ Quแบงn Jogger bรณ แปng nแปฏ chแบฅt ฤลฉi siรชu thoรกng mรกt cho mรนa hรจ -  quแบงn nแปฏ,4,โซ69.000,"1,7k"
[ Siรชu Phแบฉm 2021] Quแบงn cull nแป dรขy rรบt chรขn in cรกnh bฦฐแปm siรชu hot,30,โซ25.000 - โซ50.000,283
[Rแบป vรด ฤแปch] Quแบงn Thรด Kaki แปng Rแปng Suรดng 2 Cรบc,39,โซ45.999,104
[Mรฃ WASTUP24 giแบฃm 10K ฤฦกn 50K] Quแบงn Short Nแปฏ gแบญp gแบฅu siรชu hot nฤng ฤแปng phรน hแปฃp giแปi trแบป_Combo tแบทng quร,"2,2k",โซ53.000,"22,9k"
Quแบงn Jean Baggy nam xanh sรกng nhแบกt แปng xuรดng rแปng TR03 style hรn quแปc 2021,2,โซ176.904,"1,7k"
๐ฅ SUPER SALE ๐ฅ Quแบงn sooc nแปฏ chแบฅt ฤลฉi siรชu mรกt cho mรนa hรจ,4,โซ53.000,"1,7k"
๐แบขNH THแบฌT๐ Quแบงn loang mรu แปng rแปng UNISEX vแบฃi dรy dแบทn - quแบงn jogger,4,โซ62.400,"1,6k"
Quแบงn 3 sแปc cullotes dรกng rแปng freesize siรชu hot dฦฐแปi 65kg chแบฅt cotton ฤแบนp,591,โซ50.000,"1,5k"
Quแบงn ฤรนi Nam AirMax Mแบซu Quแบงn Short Nam Dรกng Thแป Thao Cรณ Dรขy Rรบt Hรng ฤแบนp Co Giรฃn joyceshop.028,4,โซ225.250,"17,7k"
"Quแบงn Legging Lแปญng Nแปฏ , Ngแป Nรขng Mรดng Hรng QC Loแบกi",3,โซ108.000,2k
(NT) Quแบงn ฤรนi nam quแบงn cแปc nam quแบงn short nam quแบงn ฤลฉi nam (0),4,โซ134.000,"1,6k"
Quแบงn SHORT JEAN NGแป RแปNG Unisex phong cรกch ulzzang full size,719,โซ99.000,"1,4k"
๐แบขNH THแบฌT๐ Quแบงn loang mรu แปng rแปng UNISEX vแบฃi dรy dแบทn - quแบงn jogger,4,โซ96.000,"1,7k"
"Quแบงn mรญ chแปt gแบฅu vแบฃi cotton dแบงy loแบกi 1, แปng rแปng, kแบนp mรญ, chแปt gแบฅu ฤiแปu chแปnh, mแบทc 2 kiแปu - VIET_STAR",28,โซ57.000,63
"Quแบงn Culottes Khรณa Hรดng, Quแบงn suรดng แปng rแปng cแบกp cao, ฤEN | TRแบฎNG | HOT",4,โซ129.600,"1,6k"
[ Quแบงn Cull- Siรชu ฤแบนp ] Quแบงn cull 3 sแปc dรขy rรบt chรขn siรชu hot,46,โซ65.000,412
Quแบงn shorts kaki FIINALISM / FIINTASY nhiแปu mรu form rแปng dแป mแบทc basic unisex ulzzang - Made by Fiin,124,โซ99.000,290
(NT) Quแบงn ฤรนi nam quแบงn cแปc nam quแบงn short nam quแบงn ฤลฉi nam (1),4,โซ124.000,"1,6k"
40-100kg Quแบงn bo thun nam nแปฏ thแปi trang Sรณi Store bigsize hot trend 2021,65,โซ75.000,152
"[ Bo chรขn- Dรขy rรบt ] Quแบงn cull nแป mแบทc 2 kiแปu bo chรขn dรขy rรบt siรชu hot, quแบงn แปng xuรดng, quแบงn แปng rแปng",100,โซ34.000 - โซ55.000,538
B1 (NT) Quแบงn ฤลฉi Nam Thแปi Trang quแบงn รกo ฤลฉi,4,โซ178.800,"1,6k"
"FREESHIP Quแบงn short [ Quแบงn ngแป ] nam HรNG XUแบคT XแปN phong cรกch trแบป trung nฤng ฤแปng, mแบกnh mแบฝ, chแบฅt vแบฃi poly mแปn mรng Q4S",2,โซ79.000,"4,2k"
"[Giรก siรชu rแบป] Quแบงn baggy jeans แปng suรดng, kiแปu trฦกn khรดng rรกch (mรฃ 003), hรฌnh thแบญt แบฃnh cuแปi",29,โซ115.000,60
"Quแบงn tรขy แปng suรดng vแบฃi tuyแบฟt mฦฐa dรy mแปn, may chuแบฉn sang nhฦฐ gรกi Hรn Mร 09",1,โซ130.000,"1,9k"
Quแบงn 3 Sแปc แปng Rแปng Thแป Thao Unisex [FREESHIP] ๐ธ Culottes kแบป trแบฏng dรกng suรดng cแบกp chun basic Ulzzang SIรU HOT ๐ธ,852,โซ45.000,"2,2k"
Sn (NT) Quแบงn ฤรนi nam quแบงn cแปc nam quแบงn short nam quแบงn ฤลฉi nam,4,โซ114.000,"1,6k"
Quแบงn Nhung Nแปฏ แปng Suรดng Rแปng Hack Chiแปu Cao Dรi 100cm | Quแบงn Nhung Tฤm Hot Nhแบฅt Nฤm 2021 - 138,148,โซ119.000,382
Quแบงn Thun Nแป GOURD Unisex [FREESHIP] ๐ธ Jogger dรกng thแปฅng แปng rแปng bo gแบฅu mรu ฤEN | XรM Ulzzang nam nแปฏ SIรU HOT ๐ธ,968,โซ49.000,"2,5k"
Quแบงn Xuรดng แปng Rแปng Tฤm Lแบกnh Lฦฐng Cao Cแบกp Chun Dรขy Rรบt Eo Tรนy Biแบฟn Hรng Quแบฃng Chรขu 93HEY QOR01,128,โซ109.000,252
[Mรฃ FAMAYMA2 giแบฃm 10K ฤฦกn 50K] Quแบงn thแป thao nam THE 1992 Quแบงn tแบญp thแป dแปฅc 3 sแปc,"12,8k",โซ79.000,"43,7k"
[Mรฃ LETHGEMT5 giแบฃm 10k ฤฦกn tแปi thiแปu 180k] QUแบฆN SHORT NAM PHONG CรCH 2021,"2,9k",โซ99.000,"8,2k"
"Quแบงn dรi tรขy Caro lฦฐng thun Lexi Chแบฅt vแบฃi Hรn Tรขy Chuแบฉn ฤแบนp , Form Regular , Trแบป trung DP08 โ DANNYTOM",21,โซ220.000,47
[Mรฃ FAMAYMA2 giแบฃm 10K ฤฦกn tแปซ 50K] [แบขNH THแบฌT Tแปฐ CHแปคP] - Quแบงn baggy jean thรชu hoa cรบc mแบซu mแปi - ฤแปi trแบฃ free nแบฟu hรng lแปi,481,โซ160.000 - โซ165.000,"1,2k"
[Mรฃ FAMAYMA2 giแบฃm 10K ฤฦกn 50K] Quแบงn ฤรนi nam THE 1992 vแบฃi ฤลฉi Quแบงn short nam LINEN,648,โซ69.000,"1,9k"